{"epoch": 1, "loss": 1.8838244425988155, "accuracy": 36.717585034792535}
{"epoch": 2, "loss": 1.3397330614886782, "accuracy": 54.340200020283376}
