{"epoch": 1, "loss": 0.4574502694453302}
{"epoch": 1, "loss": 0.457112329018824}
{"epoch": 2, "loss": 0.45908293490638097}
{"epoch": 3, "loss": 0.45706808243109404}
{"epoch": 4, "loss": 0.45489916253287166}
{"epoch": 5, "loss": 0.4613493747765094}
{"epoch": 6, "loss": 0.4534570548944955}
{"epoch": 7, "loss": 0.45312798924677294}
{"epoch": 8, "loss": 0.5501645898921803}
{"epoch": 9, "loss": 0.45516124317477097}
{"epoch": 10, "loss": 0.4511429149045079}
