{"epoch": 1, "loss": 0.37192699472864027}
{"epoch": 2, "loss": 0.43662251146129316}
{"epoch": 3, "loss": 0.4410519304094803}
