{"epoch": 1, "loss": 1.8501231010801982, "accuracy": 37.84876713045811}
