{"epoch": 1, "loss": 1.86161074007143, "accuracy": 37.40880789350572}
{"epoch": 2, "loss": 1.3328247357247422, "accuracy": 54.801543826819206}
{"epoch": 3, "loss": 0.9506918749997492, "accuracy": 67.80853603080456}
{"epoch": 4, "loss": 0.7274493025399655, "accuracy": 75.37674543378623}
{"epoch": 5, "loss": 0.6014697548854203, "accuracy": 79.67027503606843}
{"epoch": 6, "loss": 0.518382340229857, "accuracy": 82.52953914201309}
{"epoch": 7, "loss": 0.45896610613247746, "accuracy": 84.58561385027595}
{"epoch": 8, "loss": 0.4167718390056768, "accuracy": 85.99877318275651}
{"epoch": 9, "loss": 0.3824033505489582, "accuracy": 87.1781580729482}
{"epoch": 10, "loss": 0.3584325927779089, "accuracy": 88.00365133526789}
{"epoch": 11, "loss": 0.33480417496729126, "accuracy": 88.78497165234289}
{"epoch": 12, "loss": 0.31790348216300124, "accuracy": 89.37443640015834}
{"epoch": 13, "loss": 0.30055973005140085, "accuracy": 89.95997009837438}
{"epoch": 14, "loss": 0.28871629317044173, "accuracy": 90.36346145667372}
{"epoch": 15, "loss": 0.27797314801970197, "accuracy": 90.72936509754015}
