{"epoch": 1, "loss": 0.22883457750472028}
{"epoch": 1, "loss": 0.22860853324370264}
{"epoch": 2, "loss": 0.2280336829790143}
{"epoch": 3, "loss": 0.22827051315060012}
{"epoch": 4, "loss": 0.22762106490636938}
{"epoch": 5, "loss": 0.22832957077865015}
{"epoch": 6, "loss": 0.22737991276544112}
{"epoch": 7, "loss": 0.2277869214170034}
{"epoch": 8, "loss": 0.22916797720279108}
