{"epoch": 1, "loss": 0.22208165088638754}
{"epoch": 2, "loss": 0.09301470688906013}
{"epoch": 3, "loss": 0.036864562378121385}
{"epoch": 4, "loss": 0.025214294323681063}
{"epoch": 5, "loss": 0.020031873464709086}
{"epoch": 6, "loss": 0.017051681936741853}
{"epoch": 7, "loss": 0.015163350240455186}
{"epoch": 8, "loss": 0.013831761993089579}
{"epoch": 9, "loss": 0.012830130539152041}
