{"epoch": 1, "loss": 0.39686563637772587}
{"epoch": 2, "loss": 0.21051649661020824}
{"epoch": 3, "loss": 0.11875229310545138}
{"epoch": 4, "loss": 0.07499863141126863}
{"epoch": 5, "loss": 0.05016534053609229}
{"epoch": 6, "loss": 0.03900909508403955}
{"epoch": 7, "loss": 0.032887725015566686}
{"epoch": 8, "loss": 0.02865654154691386}
{"epoch": 9, "loss": 0.026355020062855877}
{"epoch": 10, "loss": 0.02386048230742535}
{"epoch": 11, "loss": 0.02214594498966482}
{"epoch": 12, "loss": 0.020991438616735858}
{"epoch": 13, "loss": 0.019645576766707005}
{"epoch": 14, "loss": 0.01870331684277456}
{"epoch": 15, "loss": 0.01786314508970604}
