{"epoch": 1, "loss": 2.1862927072054354, "accuracy": 29.618859616120705}
{"epoch": 1, "loss": 2.123734863514968, "accuracy": 30.766245932192877}
{"epoch": 2, "loss": 2.1172857986649425, "accuracy": 30.81504982553718}
{"epoch": 3, "loss": 2.1099040612548645, "accuracy": 30.957674133697164}
{"epoch": 4, "loss": 2.101668583967366, "accuracy": 31.191959151654814}
{"epoch": 5, "loss": 2.115236086459784, "accuracy": 30.999413561206694}
{"epoch": 6, "loss": 2.1760594693096813, "accuracy": 29.994917893128875}
{"epoch": 7, "loss": 2.1742733295968586, "accuracy": 30.140799711023853}
{"epoch": 8, "loss": 2.130328835578825, "accuracy": 30.82026902199635}
{"epoch": 9, "loss": 2.121326377843432, "accuracy": 30.95417617317679}
{"epoch": 10, "loss": 2.093783591433958, "accuracy": 31.304075586411592}
{"epoch": 11, "loss": 2.0978592739971704, "accuracy": 31.355712664575506}
{"epoch": 12, "loss": 2.102505854413567, "accuracy": 31.232916298102396}
{"epoch": 13, "loss": 2.091583109229664, "accuracy": 31.532429847667355}
{"epoch": 14, "loss": 2.112769447978716, "accuracy": 31.226178236048685}
{"epoch": 15, "loss": 2.079839454718598, "accuracy": 31.690779201986278}
