{"epoch": 1, "loss": 0.22054556693859115}
{"epoch": 2, "loss": 0.1048379392533059}
{"epoch": 3, "loss": 0.04428909120666505}
{"epoch": 4, "loss": 0.028482007883911108}
{"epoch": 5, "loss": 0.022414786241971272}
{"epoch": 6, "loss": 0.018998133466192002}
{"epoch": 7, "loss": 0.01675998673049192}
{"epoch": 8, "loss": 0.015234506351391468}
{"epoch": 9, "loss": 0.014126068820232594}
{"epoch": 10, "loss": 0.013262174729463273}
{"epoch": 11, "loss": 0.012616944337557537}
{"epoch": 12, "loss": 0.012069186833620297}
{"epoch": 13, "loss": 0.011617240991615388}
{"epoch": 14, "loss": 0.011230901796206533}
{"epoch": 15, "loss": 0.01089103959301291}
