{"epoch": 1, "loss": 1.856369033083518, "accuracy": 37.550542580372884}
